code;Département;Population;Mediane;Rapport;Pauvrete;Part des minima sociaux dans le revenu disponible moyen;HOMICIDES ET COUPS ET VIOLENCES;HOMICIDES ET COUPS ET VIOLENCES par 100k hab;TOUT DELITS HORS COL BLANC;TOUT DELITS HORS COL BLANC par hab
01;Ain;653 688;16 398;2,93;9,0;0,8;286;43,75175925;4996;764,2789832
02;Aisne;528 016;14 377;2,88;14,7;1,7;1169;221,3948062;10807;2046,718281
03;Allier;333 065;14 661;2,81;12,8;1,8;443;133,0070707;7552;2267,425277
04;Alpes-de-Haute-Provence;161 980;14 958;3,02;13,8;1,4;139;85,81306334;2338;1443,388073
05;Hautes-Alpes;141 784;15 173;2,84;11,4;1,3;149;105,0894318;2610;1840,828302
06;Alpes-Maritimes;1 080 899;16 109;3,40;12,3;1,5;3736;345,6382141;63977;5918,869386
07;Ardèche;327 011;14 796;2,81;13,0;1,6;162;49,53961793;2728;834,222702
08;Ardennes;267 409;14 107;2,88;15,8;1,9;458;171,2732182;4813;1799,864627
09;Ariège;152 340;14 479;2,96;15,5;2,0;111;72,86333202;1727;1133,648418
10;Aube;309 117;15 110;2,87;12,0;1,4;619;200,2478026;7337;2373,53494
11;Aude;368 011;13 882;3,09;18,0;2,3;511;138,8545451;9217;2504,544701
12;Aveyron;277 900;14 547;2,91;14,2;1,6;211;75,9265923;3312;1191,79561
13;Bouches-du-Rhône;2 035 410;15 450;3,51;16,1;1,9;6960;341,9458487;132764;6522,715325
14;Calvados;691 676;15 373;2,88;11,0;1,2;1085;156,8653531;17463;2524,737016
15;Cantal;143 627;13 906;2,97;17,4;1,5;72;50,12985024;1371;954,5558983
16;Charente;350 240;14 829;2,87;13,1;1,8;404;115,3494746;6749;1926,964367
17;Charente-Maritime;646 016;14 900;2,96;13,0;1,3;757;117,1797603;15090;2335,855459
18;Cher;300 174;15 220;2,84;12,0;1,5;387;128,9252234;6081;2025,825021
19;Corrèze;240 973;15 104;2,87;12,2;1,4;326;135,2848659;4097;1700,190478
20;Corse;339178;14602;3,36;18,8;3,1;292;86,09048936;5956;1756,010119
21;Côte-d'Or;532 901;16 260;2,85;8,9;1,0;616;115,5937031;12363;2319,943104
22;Côtes-d'Armor;596 518;15 132;2,77;11,1;1,3;335;56,15924415;5284;885,8073017
23;Creuse;117 340;13 826;2,89;17,6;2,2;53;45,16788819;699;595,7047895
24;Dordogne;409 548;14 619;2,97;14,6;1,7;253;61,77542071;4553;1111,713401
25;Doubs;539 465;15 852;2,83;10,1;1,0;876;162,3831018;13635;2527,504101
26;Drôme;517 414;14 853;2,94;13,4;1,3;852;164,6650458;14367;2776,693325
27;Eure;606 419;15 888;2,80;9,8;1,1;840;138,5180873;8796;1450,482257
28;Eure-et-Loir;431 437;16 183;2,76;9,1;0,9;555;128,6398709;8120;1882,082436
29;Finistère;905 238;15 537;2,67;9,2;1,2;1614;178,2956526;17531;1936,617773
30;Gard;745 756;14 442;3,25;17,3;1,9;1171;157,0218677;18342;2459,51759
31;Haute-Garonne;1 390 496;16 800;3,21;10,8;1,2;2494;179,3604584;51716;3719,248383
32;Gers;189 326;14 671;2,92;13,7;1,8;77;40,67058935;1595;842,462208
33;Gironde;1 620 243;16 046;3,02;10,7;1,4;2758;170,2213804;48147;2971,591298
34;Hérault;1 165 412;14 761;3,37;17,0;2,0;2193;188,173796;41659;3574,615672
35;Ille-et-Vilaine;1 076 330;16 084;2,76;8,5;1,0;1417;131,6510736;20387;1894,121691
36;Indre;217 312;14 751;2,67;11,6;1,6;218;100,3165955;3397;1563,190252
37;Indre-et-Loire;608 387;15 795;2,86;9,9;1,1;728;119,6606765;13920;2288,017331
38;Isère;1 262 108;16 384;2,91;9,3;0,9;1647;130,4959639;28620;2267,634782
39;Jura;258 624;15 349;2,71;10,2;1,1;188;72,69240287;3077;1189,758104
40;Landes;409 325;15 489;2,71;9,9;1,3;350;85,50662676;4279;1045,379588
41;Loir-et-Cher;330 727;15 627;2,75;10,0;1,0;379;114,5960263;6098;1843,816804
42;Loire;762 222;14 991;2,76;11,6;1,5;1571;206,1079318;24857;3261,1234
43;Haute-Loire;226 835;14 456;2,79;13,9;1,6;153;67,44990852;1909;841,5808848
44;Loire-Atlantique;1 425 592;15 842;2,83;9,5;1,0;2496;175,0851576;46127;3235,638247
45;Loiret;678 722;16 431;2,85;9,2;0,9;1313;193,4518109;18264;2690,939737
46;Lot;171 770;14 813;3,00;14,1;1,6;111;64,62129592;1503;875,0072772
47;Lot-et-Garonne;330 159;14 324;2,96;15,5;1,8;292;88,44223541;4587;1389,330595
48;Lozère;75 700;14 725;2,97;15,1;1,5;60;79,26023778;495;653,8969617
49;Maine-et-Loire;815 325;15 013;2,67;10,1;1,1;848;104,0076043;15545;1906,601662
50;Manche;492 627;14 661;2,69;11,6;1,6;501;101,6996632;6431;1305,450168
51;Marne;567 225;15 812;2,99;10,4;1,2;1581;278,7253735;20616;3634,53656
52;Haute-Marne;173 041;14 499;2,71;12,9;1,4;296;171,0577262;3087;1783,970273
53;Mayenne;305 021;14 844;2,56;10,4;1,0;314;102,9437317;3829;1255,323404
54;Meurthe-et-Moselle;731 753;15 514;3,01;12,3;1,4;1936;264,5701487;25449;3477,812869
55;Meuse;184 474;14 771;2,69;11,9;1,5;196;106,248035;3202;1735,745959
56;Morbihan;751 309;15 353;2,72;10,1;1,2;542;72,140757;8858;1179,008903
57;Moselle;1 036 153;15 333;2,97;12,1;1,3;1941;187,3275472;26378;2545,763029
58;Nièvre;201 518;14 897;2,78;12,3;1,6;140;69,47270219;2143;1063,428577
59;Nord;2 592 185;14 434;3,19;16,9;1,9;9214;355,4530252;136218;5254,94901
60;Oise;825 207;16 317;2,93;9,9;1,2;1082;131,1186163;12919;1565,546584
61;Orne;279 755;14 545;2,71;12,7;1,5;297;106,1643224;3902;1394,791871
62;Pas-de-Calais;1 463 196;13 744;2,86;16,6;1,9;5871;401,244946;52694;3601,2947
63;Puy-de-Dôme;656 643;15 656;2,98;11,4;1,3;971;147,8733498;15895;2420,645617
64;Pyrénées-Atlantiques;679 354;15 707;2,90;10,1;1,5;893;131,4484054;17595;2589,960462
65;Hautes-Pyrénées;225 219;15 057;2,78;11,8;1,7;257;114,111154;5401;2398,110284
66;Pyrénées-Orientales;481 691;14 112;3,15;18,0;2,3;777;161,3067298;10750;2231,721166
67;Bas-Rhin;1 126 505;16 873;2,91;8,7;0,9;1874;166,3552314;27613;2451,209715
68;Haut-Rhin;761 480;17 065;2,92;8,1;0,9;1340;175,973105;16825;2209,513054
69;Rhône;1 882 339;16 672;3,23;10,6;1,1;5151;273,6489017;94489;5019,765303
70;Haute-Saône;233 394;14 905;2,65;11,3;1,2;207;88,691226;2213;948,1820441
71;Saône-et-Loire;549 763;14 892;2,71;11,0;1,3;651;118,4146623;9402;1710,191483
72;Sarthe;561 583;15 282;2,64;9,8;1,1;678;120,7301503;9194;1637,15782
73;Savoie;432 716;16 278;2,77;8,4;1,0;661;152,7560802;9531;2202,599395
74;Haute-Savoie;829 017;17 596;3,27;8,2;0,6;717;86,48797311;11176;1348,102632
75;Paris;2 140 526;20 126;5,11;11,9;1,0;8495;396,8650696;230806;10782,67678
76;Seine-Maritime;1 248 590;15 360;2,92;11,9;1,4;3505;280,7166484;49261;3945,330333
77;Seine-et-Marne;1 421 735;17 859;2,91;7,5;0,8;3724;261,9334827;63577;4471,78975
78;Yvelines;1 436 581;20 355;3,43;5,8;0,5;3302;229,8512928;70116;4880,755071
79;Deux-Sèvres;374 873;14 732;2,74;11,7;1,2;193;51,48410262;3963;1057,158024
80;Somme;569 662;14 740;2,95;13,9;1,6;1123;197,1344411;14416;2530,623422
81;Tarn;387 638;14 638;2,93;13,5;1,7;492;126,9225411;6682;1723,773211
82;Tarn-et-Garonne;261 558;14 478;2,96;15,2;2,0;278;106,2861774;4355;1665,022672
83;Var;1 075 649;15 639;3,19;13,0;1,7;2328;216,4274777;35833;3331,291155
84;Vaucluse;563 751;14 547;3,18;16,4;1,6;1075;190,6870232;16502;2927,178843
85;Vendée;679 024;15 057;2,58;9,9;0,9;290;42,70835788;5459;803,9480195
86;Vienne;437 368;15 289;2,87;11,6;1,3;528;120,7221379;10319;2359,340418
87;Haute-Vienne;371 575;15 525;2,92;11,7;1,7;585;157,4379331;9003;2422,929422
88;Vosges;361 031;14 886;2,68;11,3;1,3;314;86,97314081;4275;1184,108844
89;Yonne;336 532;15 333;2,77;10,6;1,5;440;130,7453675;5925;1760,605232
90;Territoire de Belfort;143 104;15 952;2,85;10,4;1,2;366;255,7580501;4114;2874,83229
91;Essonne;1 314 827;18 878;3,12;7,2;0,7;3520;267,7158288;53320;4055,286361
92;Hauts-de-Seine;1 606 088;20 126;4,16;8,5;0,7;3800;236,599738;98381;6125,504954
93;Seine-Saint-Denis;1 654 477;14 467;3,24;18,0;1,9;9686;585,4418043;136164;8230,032814
94;Val-de-Marne;1 395 209;17 906;3,44;9,5;1,0;4269;305,9756639;83076;5954,376728
95;Val-d'Oise;1 243 921;17 359;3,16;10,0;0,9;4229;339,9733584;69494;5586,689187
France métropolitaine;;64 812 052;15 766;3,09;11,7;1,3;;;;
;;;;;;;;;;
Source : Revenus Disponibles Localisés 2004, Insee-DGI;;;;;;;;;;
